level,subject,year,n_A,pc_A,n_B,pc_B,n_C,pc_C,n_D,pc_D,n_U,pc_U,entries
scqf7,Accounting,2021,46,60.50%,54,71.10%,65,85.50%,69,90.80%,7,9.20%,76
scqf7,Art and Design (Design),2021,297,46.80%,486,76.70%,603,95.10%,621,97.90%,13,2.10%,634
scqf7,Art and Design (Expressive),2021,551,47.20%,923,79.10%,"1,110",95.10%,"1,147",98.30%,20,1.70%,"1,167"
scqf7,Biology,2021,"1,241",41.90%,"1,939",65.50%,"2,490",84.10%,"2,768",93.50%,193,6.50%,"2,961"
scqf7,Business Management,2021,341,57.90%,470,79.80%,554,94.10%,577,98.00%,12,2.00%,589
scqf7,Chemistry,2021,"1,211",45.30%,"1,856",69.40%,"2,306",86.20%,"2,506",93.70%,169,6.30%,"2,675"
scqf7,Chinese Languages,2021,51,86.40%,57,96.60%,59,100.00%,59,100.00%,0,0.00%,59
scqf7,Classical Studies,2021,25,69.40%,32,88.90%,36,100.00%,36,100.00%,0,0.00%,36
scqf7,Computing Science,2021,265,46.90%,390,69.00%,501,88.70%,535,94.70%,30,5.30%,565
scqf7,Design and Manufacture,2021,33,30.60%,58,53.70%,94,87.00%,102,94.40%,6,5.60%,108
scqf7,Drama,2021,281,49.50%,429,75.50%,514,90.50%,545,96.00%,23,4.00%,568
scqf7,Economics,2021,66,83.50%,76,96.20%,79,100.00%,79,100.00%,0,0.00%,79
scqf7,Engineering Science,2021,29,32.60%,56,62.90%,77,86.50%,86,96.60%,3,3.40%,89
scqf7,English,2021,"1,299",45.90%,"2,054",72.60%,"2,597",91.80%,"2,748",97.10%,82,2.90%,"2,830"
scqf7,French,2021,355,60.10%,485,82.10%,559,94.60%,582,98.50%,9,1.50%,591
scqf7,Gaelic (Learners),2021,***,***,***,***,***,***,***,***,***,***,9
scqf7,Gàidhlig,2021,19,63.30%,25,83.30%,29,96.70%,30,100.00%,0,0.00%,30
scqf7,Geography,2021,368,46.30%,591,74.40%,742,93.50%,776,97.70%,18,2.30%,794
scqf7,German,2021,96,67.10%,121,84.60%,137,95.80%,140,97.90%,3,2.10%,143
scqf7,Graphic Communication,2021,145,31.40%,263,56.90%,390,84.40%,435,94.20%,27,5.80%,462
scqf7,Health and Food Technology,2021,***,***,***,***,***,***,***,***,***,***,39
scqf7,History,2021,680,46.90%,"1,085",74.90%,"1,347",93.00%,"1,419",97.90%,30,2.10%,"1,449"
scqf7,Italian,2021,30,90.90%,32,97.00%,33,100.00%,33,100.00%,0,0.00%,33
scqf7,Latin,2021,27,73.00%,34,91.90%,36,97.30%,37,100.00%,0,0.00%,37
scqf7,Mathematics,2021,"2,188",57.80%,"2,822",74.60%,"3,291",87.00%,"3,503",92.60%,280,7.40%,"3,783"
scqf7,Mathematics of Mechanics,2021,179,56.10%,227,71.20%,270,84.60%,289,90.60%,30,9.40%,319
scqf7,Modern Studies,2021,489,45.30%,789,73.10%,994,92.10%,"1,049",97.20%,30,2.80%,"1,079"
scqf7,Music,2021,"1,298",69.70%,"1,650",88.60%,"1,821",97.80%,"1,847",99.20%,15,0.80%,"1,862"
scqf7,Music Technology,2021,21,37.50%,33,58.90%,46,82.10%,48,85.70%,8,14.30%,56
scqf7,Music: Portfolio,2021,12,75.00%,15,93.80%,16,100.00%,16,100.00%,0,0.00%,16
scqf7,Physical Education,2021,404,50.10%,624,77.30%,759,94.10%,793,98.30%,14,1.70%,807
scqf7,Physics,2021,"1,005",51.70%,"1,437",73.90%,"1,713",88.10%,"1,845",94.90%,99,5.10%,"1,944"
scqf7,"Religious, Moral and Philosophical Studies",2021,155,65.40%,200,84.40%,230,97.00%,234,98.70%,3,1.30%,237
scqf7,Spanish,2021,282,60.90%,371,80.10%,430,92.90%,449,97.00%,14,3.00%,463
scqf7,Statistics,2021,142,68.90%,169,82.00%,187,90.80%,194,94.20%,12,5.80%,206
scqf7,Totals,2021,"13,654",51.00%,"19,888",74.20%,"24,162",90.20%,"25,644",95.70%,"1,151",4.30%,"26,795"
scqf7,Accounting,2020,42,67.70%,50,80.60%,60,96.80%,60,96.80%,2,3.20%,62
scqf7,Art and Design (Design),2020,241,44.70%,429,79.60%,514,95.40%,530,98.30%,9,1.70%,539
scqf7,Art and Design (Expressive),2020,473,46.50%,815,80.10%,985,96.90%,"1,007",99.00%,10,1.00%,"1,017"
scqf7,Biology,2020,908,36.20%,"1,628",64.80%,"2,240",89.20%,"2,428",96.70%,83,3.30%,"2,511"
scqf7,Business Management,2020,283,50.50%,452,80.70%,536,95.70%,555,99.10%,5,0.90%,560
scqf7,Chemistry,2020,"1,095",42.90%,"1,820",71.20%,"2,369",92.70%,"2,505",98.00%,50,2.00%,"2,555"
scqf7,Chinese Languages,2020,55,90.20%,61,100.00%,61,100.00%,61,100.00%,0,0.00%,61
scqf7,Classical Studies,2020,17,54.80%,29,93.50%,31,100.00%,31,100.00%,0,0.00%,31
scqf7,Computing Science,2020,218,44.30%,375,76.20%,462,93.90%,479,97.40%,13,2.60%,492
scqf7,Design and Manufacture,2020,14,29.80%,33,70.20%,43,91.50%,46,97.90%,1,2.10%,47
scqf7,Drama,2020,268,49.40%,438,80.80%,530,97.80%,541,99.80%,1,0.20%,542
scqf7,Economics,2020,70,68.00%,91,88.30%,102,99.00%,103,100.00%,0,0.00%,103
scqf7,Engineering Science,2020,9,20.00%,21,46.70%,37,82.20%,42,93.30%,3,6.70%,45
scqf7,English,2020,835,37.30%,"1,543",68.90%,"2,073",92.50%,"2,196",98.00%,45,2.00%,"2,241"
scqf7,French,2020,341,59.40%,492,85.70%,554,96.50%,572,99.70%,2,0.30%,574
scqf7,Gaelic (Learners),2020,***,***,***,***,***,***,***,***,***,***,11
scqf7,Gàidhlig,2020,27,62.80%,37,86.00%,42,97.70%,42,97.70%,1,2.30%,43
scqf7,Geography,2020,318,42.40%,564,75.20%,715,95.30%,740,98.70%,10,1.30%,750
scqf7,German,2020,52,49.10%,80,75.50%,100,94.30%,102,96.20%,4,3.80%,106
scqf7,Graphic Communication,2020,95,25.40%,231,61.80%,344,92.00%,364,97.30%,10,2.70%,374
scqf7,Health and Food Technology,2020,***,***,***,***,***,***,***,***,***,***,29
scqf7,History,2020,493,40.30%,916,74.80%,"1,147",93.70%,"1,201",98.10%,23,1.90%,"1,224"
scqf7,Italian,2020,19,70.40%,26,96.30%,27,100.00%,27,100.00%,0,0.00%,27
scqf7,Latin,2020,24,72.70%,32,97.00%,33,100.00%,33,100.00%,0,0.00%,33
scqf7,Mathematics,2020,"1,740",47.90%,"2,543",70.00%,"3,241",89.20%,"3,459",95.20%,176,4.80%,"3,635"
scqf7,Mathematics of Mechanics,2020,208,65.40%,253,79.60%,294,92.50%,307,96.50%,11,3.50%,318
scqf7,Modern Studies,2020,363,41.00%,634,71.60%,816,92.10%,866,97.70%,20,2.30%,886
scqf7,Music,2020,"1,102",66.90%,"1,449",87.90%,"1,616",98.10%,"1,638",99.40%,10,0.60%,"1,648"
scqf7,Music Technology,2020,19,59.40%,28,87.50%,32,100.00%,32,100.00%,0,0.00%,32
scqf7,Music: Portfolio,2020,18,72.00%,25,100.00%,25,100.00%,25,100.00%,0,0.00%,25
scqf7,Physical Education,2020,244,47.60%,393,76.60%,488,95.10%,507,98.80%,6,1.20%,513
scqf7,Physics,2020,864,50.60%,"1,285",75.20%,"1,592",93.20%,"1,668",97.60%,41,2.40%,"1,709"
scqf7,"Religious, Moral and Philosophical Studies",2020,97,53.90%,149,82.80%,174,96.70%,180,100.00%,0,0.00%,180
scqf7,Spanish,2020,250,53.90%,374,80.60%,450,97.00%,461,99.40%,3,0.60%,464
scqf7,Statistics,2020,98,53.60%,140,76.50%,164,89.60%,176,96.20%,7,3.80%,183
scqf7,Totals,2020,"10,919",46.30%,"17,469",74.10%,"21,935",93.10%,"23,023",97.70%,547,2.30%,"23,570"
scqf6,Accounting,2021,787,58.90%,"1,058",79.20%,"1,213",90.80%,"1,276",95.50%,60,4.50%,"1,336"
scqf6,Administration and IT,2021,"2,124",48.70%,"3,221",73.90%,"3,963",90.90%,"4,232",97.10%,128,2.90%,"4,360"
scqf6,Art and Design,2021,"2,760",48.30%,"4,383",76.80%,"5,425",95.00%,"5,625",98.50%,85,1.50%,"5,710"
scqf6,Biology,2021,"2,750",37.20%,"4,307",58.30%,"5,775",78.20%,"6,634",89.80%,754,10.20%,"7,388"
scqf6,Business Management,2021,"4,390",50.00%,"6,313",71.90%,"7,708",87.80%,"8,276",94.30%,501,5.70%,"8,777"
scqf6,Care,2021,106,29.20%,192,52.90%,282,77.70%,310,85.40%,53,14.60%,363
scqf6,Chemistry,2021,"4,265",43.40%,"6,220",63.30%,"8,011",81.50%,"9,037",91.90%,796,8.10%,"9,833"
scqf6,Childcare and Development,2021,107,35.50%,187,62.10%,249,82.70%,274,91.00%,27,9.00%,301
scqf6,Chinese Languages,2021,155,90.60%,165,96.50%,168,98.20%,171,100.00%,0,0.00%,171
scqf6,Classical Studies,2021,303,55.30%,420,76.60%,499,91.10%,536,97.80%,12,2.20%,548
scqf6,Computing Science,2021,"1,658",49.10%,"2,330",69.00%,"2,911",86.20%,"3,180",94.20%,197,5.80%,"3,377"
scqf6,Dance,2021,300,60.60%,411,83.00%,476,96.20%,489,98.80%,6,1.20%,495
scqf6,Design and Manufacture,2021,692,30.20%,"1,304",56.90%,"1,863",81.20%,"2,122",92.50%,171,7.50%,"2,293"
scqf6,Drama,2021,"1,671",56.10%,"2,338",78.50%,"2,809",94.40%,"2,933",98.50%,44,1.50%,"2,977"
scqf6,Economics,2021,383,62.80%,497,81.50%,563,92.30%,582,95.40%,28,4.60%,610
scqf6,Engineering Science,2021,475,40.10%,739,62.40%,986,83.30%,"1,106",93.40%,78,6.60%,"1,184"
scqf6,English,2021,"15,421",42.20%,"24,510",67.10%,"32,210",88.20%,"35,098",96.10%,"1,436",3.90%,"36,534"
scqf6,English for Speakers of Other Languages,2021,417,57.00%,610,83.30%,710,97.00%,727,99.30%,5,0.70%,732
scqf6,Environmental Science,2021,180,35.00%,310,60.20%,414,80.40%,464,90.10%,51,9.90%,515
scqf6,Fashion and Textile Technology,2021,131,51.20%,195,76.20%,242,94.50%,252,98.40%,4,1.60%,256
scqf6,French,2021,"2,142",67.50%,"2,692",84.80%,"3,016",95.00%,"3,122",98.30%,53,1.70%,"3,175"
scqf6,Gaelic (Learners),2021,32,51.60%,49,79.00%,58,93.50%,61,98.40%,1,1.60%,62
scqf6,Gàidhlig,2021,63,53.40%,96,81.40%,114,96.60%,117,99.20%,1,0.80%,118
scqf6,Geography,2021,"4,077",57.20%,"5,376",75.40%,"6,366",89.30%,"6,825",95.70%,305,4.30%,"7,130"
scqf6,German,2021,510,71.30%,618,86.40%,692,96.80%,703,98.30%,12,1.70%,715
scqf6,Graphic Communication,2021,"1,474",43.90%,"2,391",71.20%,"3,066",91.30%,"3,264",97.20%,95,2.80%,"3,359"
scqf6,Health and Food Technology,2021,668,46.50%,"1,020",71.00%,"1,283",89.30%,"1,379",96.00%,58,4.00%,"1,437"
scqf6,History,2021,"5,386",51.10%,"7,617",72.30%,"9,371",88.90%,"10,022",95.10%,517,4.90%,"10,539"
scqf6,Human Biology,2021,"2,472",32.70%,"4,073",54.00%,"5,781",76.60%,"6,704",88.80%,845,11.20%,"7,549"
scqf6,Italian,2021,146,81.10%,163,90.60%,171,95.00%,174,96.70%,6,3.30%,180
scqf6,Latin,2021,215,86.30%,236,94.80%,247,99.20%,249,100.00%,0,0.00%,249
scqf6,Mathematics,2021,"9,146",47.10%,"12,541",64.60%,"15,562",80.10%,"16,995",87.50%,"2,424",12.50%,"19,419"
scqf6,Media,2021,504,48.70%,772,74.60%,937,90.50%,986,95.30%,49,4.70%,"1,035"
scqf6,Modern Studies,2021,"5,357",56.20%,"7,321",76.80%,"8,646",90.70%,"9,167",96.20%,364,3.80%,"9,531"
scqf6,Music,2021,"3,387",64.90%,"4,525",86.80%,"5,081",97.40%,"5,167",99.10%,49,0.90%,"5,216"
scqf6,Music Technology,2021,495,54.20%,716,78.40%,857,93.90%,895,98.00%,18,2.00%,913
scqf6,Philosophy,2021,397,48.50%,589,71.90%,717,87.50%,774,94.50%,45,5.50%,819
scqf6,Photography,2021,"1,069",42.20%,"1,835",72.50%,"2,335",92.20%,"2,439",96.30%,93,3.70%,"2,532"
scqf6,Physical Education,2021,"5,341",45.30%,"8,510",72.10%,"10,957",92.80%,"11,614",98.40%,189,1.60%,"11,803"
scqf6,Physics,2021,"3,598",42.40%,"5,321",62.70%,"6,850",80.80%,"7,667",90.40%,814,9.60%,"8,481"
scqf6,Politics,2021,"1,006",55.40%,"1,413",77.80%,"1,686",92.80%,"1,755",96.60%,61,3.40%,"1,816"
scqf6,Psychology,2021,"1,488",49.40%,"2,108",70.00%,"2,570",85.30%,"2,752",91.40%,260,8.60%,"3,012"
scqf6,"Religious, Moral and Philosophical Studies",2021,"2,175",56.20%,"2,956",76.40%,"3,488",90.10%,"3,682",95.10%,188,4.90%,"3,870"
scqf6,Sociology,2021,442,53.10%,618,74.30%,731,87.90%,765,91.90%,67,8.10%,832
scqf6,Spanish,2021,"2,002",66.40%,"2,510",83.30%,"2,839",94.20%,"2,960",98.20%,54,1.80%,"3,014"
scqf6,Urdu,2021,86,90.50%,90,94.70%,91,95.80%,93,97.90%,2,2.10%,95
scqf6,Totals,2021,"92,753",47.60%,"135,866",69.80%,"169,989",87.30%,"183,655",94.30%,"11,006",5.70%,"194,661"
scqf6,Accounting,2020,584,50.80%,858,74.60%,"1,049",91.20%,"1,101",95.70%,49,4.30%,"1,150"
scqf6,Administration and IT,2020,"1,590",40.30%,"2,771",70.20%,"3,630",91.90%,"3,854",97.60%,94,2.40%,"3,948"
scqf6,Art and Design,2020,"2,188",41.30%,"3,911",73.90%,"5,078",95.90%,"5,235",98.90%,59,1.10%,"5,294"
scqf6,Biology,2020,"2,655",35.70%,"4,519",60.80%,"6,311",85.00%,"7,065",95.10%,363,4.90%,"7,428"
scqf6,Business Management,2020,"3,180",38.90%,"5,542",67.80%,"7,341",89.80%,"7,897",96.60%,275,3.40%,"8,172"
scqf6,Care,2020,150,20.90%,375,52.20%,588,81.80%,654,91.00%,65,9.00%,719
scqf6,Chemistry,2020,"4,086",40.70%,"6,643",66.20%,"8,863",88.30%,"9,643",96.10%,395,3.90%,"10,038"
scqf6,Childcare and Development,2020,89,29.70%,187,62.30%,255,85.00%,278,92.70%,22,7.30%,300
scqf6,Chinese Languages,2020,129,85.40%,142,94.00%,151,100.00%,151,100.00%,0,0.00%,151
scqf6,Classical Studies,2020,222,49.30%,341,75.80%,421,93.60%,440,97.80%,10,2.20%,450
scqf6,Computing Science,2020,"1,241",39.20%,"2,060",65.10%,"2,825",89.20%,"3,051",96.40%,115,3.60%,"3,166"
scqf6,Dance,2020,286,56.10%,419,82.20%,493,96.70%,506,99.20%,4,0.80%,510
scqf6,Design and Manufacture,2020,537,27.40%,"1,168",59.50%,"1,731",88.20%,"1,908",97.20%,55,2.80%,"1,963"
scqf6,Drama,2020,"1,476",47.90%,"2,378",77.20%,"2,930",95.20%,"3,041",98.80%,38,1.20%,"3,079"
scqf6,Economics,2020,289,51.20%,432,76.50%,521,92.20%,551,97.50%,14,2.50%,565
scqf6,Engineering Science,2020,433,40.60%,719,67.40%,950,89.10%,"1,031",96.70%,35,3.30%,"1,066"
scqf6,English,2020,"11,537",31.70%,"22,014",60.50%,"31,789",87.40%,"35,089",96.50%,"1,279",3.50%,"36,368"
scqf6,English for Speakers of Other Languages,2020,400,54.10%,592,80.00%,724,97.80%,738,99.70%,2,0.30%,740
scqf6,Environmental Science,2020,112,31.10%,217,60.30%,322,89.40%,351,97.50%,9,2.50%,360
scqf6,Fashion and Textile Technology,2020,62,36.70%,120,71.00%,160,94.70%,165,97.60%,4,2.40%,169
scqf6,French,2020,"2,114",66.80%,"2,726",86.10%,"3,067",96.80%,"3,137",99.10%,30,0.90%,"3,167"
scqf6,Gaelic (Learners),2020,30,48.40%,51,82.30%,59,95.20%,62,100.00%,0,0.00%,62
scqf6,Gàidhlig,2020,69,53.10%,114,87.70%,128,98.50%,129,99.20%,1,0.80%,130
scqf6,Geography,2020,"2,633",40.90%,"4,253",66.10%,"5,725",88.90%,"6,213",96.50%,224,3.50%,"6,437"
scqf6,German,2020,548,70.30%,680,87.20%,761,97.60%,775,99.40%,5,0.60%,780
scqf6,Graphic Communication,2020,"1,265",38.30%,"2,367",71.70%,"3,112",94.30%,"3,263",98.90%,36,1.10%,"3,299"
scqf6,Health and Food Technology,2020,348,31.30%,728,65.50%,"1,021",91.80%,"1,088",97.80%,24,2.20%,"1,112"
scqf6,History,2020,"4,126",41.60%,"6,876",69.30%,"9,001",90.70%,"9,606",96.80%,313,3.20%,"9,919"
scqf6,Human Biology,2020,"2,244",32.20%,"4,033",57.90%,"5,868",84.20%,"6,574",94.30%,394,5.70%,"6,968"
scqf6,Italian,2020,195,80.60%,230,95.00%,242,100.00%,242,100.00%,0,0.00%,242
scqf6,Latin,2020,190,71.70%,235,88.70%,255,96.20%,264,99.60%,1,0.40%,265
scqf6,Mathematics,2020,"7,785",40.60%,"11,966",62.40%,"15,980",83.30%,"17,551",91.50%,"1,631",8.50%,"19,182"
scqf6,Media,2020,323,35.20%,601,65.50%,830,90.40%,890,96.90%,28,3.10%,918
scqf6,Modern Studies,2020,"3,754",44.30%,"5,918",69.80%,"7,694",90.80%,"8,180",96.50%,294,3.50%,"8,474"
scqf6,Music,2020,"3,123",61.40%,"4,384",86.20%,"4,988",98.00%,"5,063",99.50%,25,0.50%,"5,088"
scqf6,Music Technology,2020,401,48.00%,667,79.90%,810,97.00%,826,98.90%,9,1.10%,835
scqf6,Philosophy,2020,220,37.40%,391,66.50%,521,88.60%,557,94.70%,31,5.30%,588
scqf6,Photography,2020,915,38.90%,"1,689",71.80%,"2,209",93.80%,"2,302",97.80%,52,2.20%,"2,354"
scqf6,Physical Education,2020,"4,124",38.70%,"7,534",70.80%,"10,025",94.20%,"10,552",99.10%,92,0.90%,"10,644"
scqf6,Physics,2020,"3,484",41.50%,"5,492",65.40%,"7,269",86.60%,"7,971",95.00%,421,5.00%,"8,392"
scqf6,Politics,2020,626,47.70%,958,73.00%,"1,210",92.20%,"1,265",96.40%,47,3.60%,"1,312"
scqf6,Psychology,2020,"1,023",33.00%,"1,838",59.20%,"2,563",82.60%,"2,820",90.90%,283,9.10%,"3,103"
scqf6,"Religious, Moral and Philosophical Studies",2020,"1,552",44.00%,"2,511",71.10%,"3,213",91.00%,"3,432",97.20%,99,2.80%,"3,531"
scqf6,Sociology,2020,281,37.10%,469,62.00%,619,81.80%,687,90.80%,70,9.20%,757
scqf6,Spanish,2020,"1,763",60.80%,"2,384",82.20%,"2,789",96.10%,"2,874",99.10%,27,0.90%,"2,901"
scqf6,Urdu,2020,96,81.40%,117,99.20%,117,99.20%,118,100.00%,0,0.00%,118
scqf6,Totals,2020,"74,478",40.00%,"124,620",66.90%,"166,208",89.30%,"179,190",96.20%,"7,024",3.80%,"186,214"
scqf5,Accounting,2021,509,56.40%,656,72.70%,792,87.80%,850,94.20%,52,5.80%,902
scqf5,Administration and IT,2021,"2,665",49.20%,"4,087",75.40%,"5,020",92.60%,"5,313",98.00%,108,2.00%,"5,421"
scqf5,Applications of Mathematics,2021,"2,442",22.70%,"4,266",39.70%,"6,874",64.00%,"8,692",80.90%,"2,057",19.10%,"10,749"
scqf5,Art and Design,2021,"4,749",47.40%,"7,403",73.90%,"9,410",93.90%,"9,861",98.40%,158,1.60%,"10,019"
scqf5,Biology,2021,"7,745",36.50%,"11,718",55.30%,"16,075",75.80%,"19,218",90.70%,"1,978",9.30%,"21,196"
scqf5,Business Management,2021,"3,353",41.30%,"5,071",62.50%,"6,760",83.30%,"7,543",92.90%,577,7.10%,"8,120"
scqf5,Care,2021,49,33.30%,82,55.80%,104,70.70%,123,83.70%,24,16.30%,147
scqf5,Chemistry,2021,"6,820",45.00%,"9,612",63.40%,"12,417",81.90%,"14,149",93.40%,"1,006",6.60%,"15,155"
scqf5,Chinese Languages,2021,183,74.70%,213,86.90%,231,94.30%,242,98.80%,3,1.20%,245
scqf5,Classical Studies,2021,80,55.90%,104,72.70%,129,90.20%,142,99.30%,1,0.70%,143
scqf5,Computing Science,2021,"2,861",45.50%,"4,201",66.80%,"5,426",86.30%,"5,965",94.90%,323,5.10%,"6,288"
scqf5,Dance,2021,413,50.80%,581,71.50%,740,91.00%,791,97.30%,22,2.70%,813
scqf5,Design and Manufacture,2021,"1,511",33.50%,"2,681",59.50%,"3,892",86.40%,"4,353",96.60%,153,3.40%,"4,506"
scqf5,Drama,2021,"3,005",62.00%,"3,974",82.00%,"4,632",95.50%,"4,768",98.30%,81,1.70%,"4,849"
scqf5,Economics,2021,243,81.80%,271,91.20%,290,97.60%,292,98.30%,5,1.70%,297
scqf5,Engineering Science,2021,965,52.80%,"1,282",70.10%,"1,573",86.00%,"1,726",94.40%,103,5.60%,"1,829"
scqf5,English,2021,"22,300",47.60%,"33,571",71.70%,"42,632",91.00%,"45,679",97.50%,"1,173",2.50%,"46,852"
scqf5,English for Speakers of Other Languages,2021,329,35.80%,622,67.70%,826,89.90%,887,96.50%,32,3.50%,919
scqf5,Environmental Science,2021,113,33.90%,181,54.40%,274,82.30%,322,96.70%,11,3.30%,333
scqf5,Fashion and Textile Technology,2021,241,47.40%,374,73.60%,462,90.90%,497,97.80%,11,2.20%,508
scqf5,French,2021,"4,277",60.10%,"5,473",76.90%,"6,505",91.40%,"6,928",97.40%,187,2.60%,"7,115"
scqf5,Gaelic (Learners),2021,88,54.70%,125,77.60%,142,88.20%,156,96.90%,5,3.10%,161
scqf5,Gàidhlig,2021,133,69.30%,173,90.10%,191,99.50%,192,100.00%,0,0.00%,192
scqf5,Geography,2021,"5,301",52.60%,"7,252",72.00%,"8,925",88.60%,"9,762",97.00%,307,3.00%,"10,069"
scqf5,German,2021,831,58.40%,"1,101",77.40%,"1,296",91.10%,"1,392",97.90%,30,2.10%,"1,422"
scqf5,Graphic Communication,2021,"1,972",39.30%,"3,143",62.60%,"4,364",86.90%,"4,794",95.50%,225,4.50%,"5,019"
scqf5,Health and Food Technology,2021,584,34.40%,"1,031",60.70%,"1,445",85.10%,"1,611",94.80%,88,5.20%,"1,699"
scqf5,History,2021,"8,284",54.20%,"10,913",71.40%,"13,374",87.50%,"14,584",95.40%,697,4.60%,"15,281"
scqf5,Italian,2021,69,60.50%,88,77.20%,104,91.20%,110,96.50%,4,3.50%,114
scqf5,Latin,2021,341,95.50%,349,97.80%,355,99.40%,357,100.00%,0,0.00%,357
scqf5,Mathematics,2021,"13,810",37.90%,"19,775",54.20%,"26,633",73.00%,"30,679",84.10%,"5,802",15.90%,"36,481"
scqf5,Media,2021,451,44.90%,636,63.30%,841,83.70%,921,91.60%,84,8.40%,"1,005"
scqf5,Modern Studies,2021,"7,117",55.00%,"9,505",73.40%,"11,625",89.80%,"12,509",96.60%,439,3.40%,"12,948"
scqf5,Music,2021,"5,552",66.90%,"7,143",86.10%,"8,058",97.10%,"8,218",99.10%,78,0.90%,"8,296"
scqf5,Music Technology,2021,706,49.40%,"1,046",73.20%,"1,340",93.80%,"1,399",98.00%,29,2.00%,"1,428"
scqf5,Philosophy,2021,140,45.90%,190,62.30%,247,81.00%,275,90.20%,30,9.80%,305
scqf5,Physical Education,2021,"11,463",62.40%,"15,558",84.70%,"17,842",97.10%,"18,268",99.50%,98,0.50%,"18,366"
scqf5,Physics,2021,"5,634",43.40%,"8,209",63.30%,"10,556",81.30%,"11,961",92.20%,"1,016",7.80%,"12,977"
scqf5,Practical Cake Craft,2021,501,41.70%,852,70.90%,"1,112",92.50%,"1,179",98.10%,23,1.90%,"1,202"
scqf5,Practical Cookery,2021,"2,553",40.50%,"4,529",71.80%,"5,838",92.60%,"6,192",98.20%,112,1.80%,"6,304"
scqf5,Practical Electronics,2021,188,35.70%,301,57.10%,454,86.10%,491,93.20%,36,6.80%,527
scqf5,Practical Metalworking,2021,582,37.40%,"1,009",64.80%,"1,354",87.00%,"1,466",94.20%,91,5.80%,"1,557"
scqf5,Practical Woodworking,2021,"2,868",42.70%,"4,696",70.00%,"6,170",92.00%,"6,546",97.60%,164,2.40%,"6,710"
scqf5,Psychology,2021,489,50.40%,693,71.40%,824,84.90%,887,91.40%,83,8.60%,970
scqf5,"Religious, Moral and Philosophical Studies",2021,"1,249",51.70%,"1,671",69.20%,"2,097",86.80%,"2,295",95.00%,121,5.00%,"2,416"
scqf5,Sociology,2021,122,45.00%,181,66.80%,229,84.50%,257,94.80%,14,5.20%,271
scqf5,Spanish,2021,"3,200",59.00%,"4,181",77.10%,"4,971",91.60%,"5,295",97.60%,129,2.40%,"5,424"
scqf5,Urdu,2021,52,78.80%,64,97.00%,66,100.00%,66,100.00%,0,0.00%,66
scqf5,Totals,2021,"139,133",46.70%,"200,837",67.40%,"255,517",85.80%,"280,203",94.00%,"17,770",6.00%,"297,973"
scqf5,Accounting,2020,516,56.80%,707,77.90%,830,91.40%,880,96.90%,28,3.10%,908
scqf5,Administration and IT,2020,"2,001",38.60%,"3,530",68.00%,"4,784",92.20%,"5,090",98.10%,98,1.90%,"5,188"
scqf5,Applications of Mathematics,2020,"3,018",28.90%,"5,082",48.70%,"7,851",75.30%,"9,144",87.70%,"1,286",12.30%,"10,430"
scqf5,Art and Design,2020,"4,568",46.10%,"7,615",76.80%,"9,556",96.40%,"9,816",99.00%,101,1.00%,"9,917"
scqf5,Biology,2020,"7,688",35.30%,"12,721",58.40%,"18,162",83.40%,"20,653",94.80%,"1,133",5.20%,"21,786"
scqf5,Business Management,2020,"3,042",38.70%,"5,081",64.70%,"7,037",89.60%,"7,629",97.10%,227,2.90%,"7,856"
scqf5,Care,2020,170,34.80%,298,61.10%,399,81.80%,437,89.50%,51,10.50%,488
scqf5,Chemistry,2020,"6,939",43.20%,"10,657",66.30%,"14,179",88.20%,"15,593",97.00%,488,3.00%,"16,081"
scqf5,Chinese Languages,2020,196,76.00%,231,89.50%,252,97.70%,257,99.60%,1,0.40%,258
scqf5,Classical Studies,2020,69,53.50%,105,81.40%,122,94.60%,127,98.40%,2,1.60%,129
scqf5,Computing Science,2020,"2,543",40.90%,"4,133",66.50%,"5,597",90.00%,"6,012",96.70%,204,3.30%,"6,216"
scqf5,Dance,2020,483,55.80%,693,80.10%,828,95.70%,856,99.00%,9,1.00%,865
scqf5,Design and Manufacture,2020,"1,317",28.60%,"2,724",59.20%,"4,167",90.60%,"4,519",98.30%,80,1.70%,"4,599"
scqf5,Drama,2020,"3,076",60.20%,"4,276",83.70%,"4,967",97.30%,"5,063",99.20%,43,0.80%,"5,106"
scqf5,Economics,2020,223,72.20%,282,91.30%,304,98.40%,308,99.70%,1,0.30%,309
scqf5,Engineering Science,2020,845,51.50%,"1,204",73.40%,"1,518",92.50%,"1,597",97.30%,44,2.70%,"1,641"
scqf5,English,2020,"18,415",39.50%,"31,348",67.20%,"42,624",91.40%,"45,761",98.10%,895,1.90%,"46,656"
scqf5,English for Speakers of Other Languages,2020,399,36.70%,746,68.60%,"1,017",93.50%,"1,070",98.30%,18,1.70%,"1,088"
scqf5,Environmental Science,2020,64,24.80%,128,49.60%,222,86.00%,253,98.10%,5,1.90%,258
scqf5,Fashion and Textile Technology,2020,117,28.30%,259,62.70%,378,91.50%,404,97.80%,9,2.20%,413
scqf5,French,2020,"4,643",59.90%,"6,141",79.20%,"7,313",94.30%,"7,655",98.70%,97,1.30%,"7,752"
scqf5,Gaelic (Learners),2020,63,50.40%,98,78.40%,117,93.60%,122,97.60%,3,2.40%,125
scqf5,Gàidhlig,2020,114,62.30%,150,82.00%,180,98.40%,183,100.00%,0,0.00%,183
scqf5,Geography,2020,"4,154",42.80%,"6,385",65.80%,"8,695",89.70%,"9,447",97.40%,251,2.60%,"9,698"
scqf5,German,2020,992,57.90%,"1,373",80.20%,"1,624",94.90%,"1,692",98.80%,20,1.20%,"1,712"
scqf5,Graphic Communication,2020,"1,860",35.50%,"3,438",65.50%,"4,836",92.20%,"5,142",98.00%,104,2.00%,"5,246"
scqf5,Health and Food Technology,2020,478,32.00%,950,63.50%,"1,379",92.20%,"1,469",98.30%,26,1.70%,"1,495"
scqf5,History,2020,"6,704",44.50%,"10,130",67.30%,"13,605",90.30%,"14,679",97.50%,383,2.50%,"15,062"
scqf5,Italian,2020,162,57.90%,215,76.80%,264,94.30%,277,98.90%,3,1.10%,280
scqf5,Latin,2020,346,89.20%,376,96.90%,383,98.70%,388,100.00%,0,0.00%,388
scqf5,Mathematics,2020,"15,179",36.80%,"23,501",56.90%,"32,669",79.10%,"36,797",89.10%,"4,487",10.90%,"41,284"
scqf5,Media,2020,387,39.90%,633,65.20%,891,91.80%,951,97.90%,20,2.10%,971
scqf5,Modern Studies,2020,"4,995",41.00%,"7,922",65.00%,"10,860",89.10%,"11,812",96.90%,380,3.10%,"12,192"
scqf5,Music,2020,"4,619",60.50%,"6,478",84.90%,"7,428",97.30%,"7,586",99.40%,47,0.60%,"7,633"
scqf5,Music Technology,2020,542,46.30%,895,76.50%,"1,112",95.00%,"1,154",98.60%,16,1.40%,"1,170"
scqf5,Philosophy,2020,122,41.20%,187,63.20%,253,85.50%,285,96.30%,11,3.70%,296
scqf5,Physical Education,2020,"10,296",59.90%,"14,704",85.50%,"16,823",97.80%,"17,143",99.70%,51,0.30%,"17,194"
scqf5,Physics,2020,"5,507",40.30%,"8,702",63.70%,"11,739",86.00%,"12,998",95.20%,657,4.80%,"13,655"
scqf5,Practical Cake Craft,2020,435,33.80%,853,66.30%,"1,196",92.90%,"1,258",97.70%,29,2.30%,"1,287"
scqf5,Practical Cookery,2020,"2,055",36.50%,"3,954",70.30%,"5,345",95.00%,"5,575",99.10%,53,0.90%,"5,628"
scqf5,Practical Electronics,2020,120,28.70%,250,59.80%,360,86.10%,399,95.50%,19,4.50%,418
scqf5,Practical Metalworking,2020,581,42.40%,973,71.00%,"1,291",94.20%,"1,349",98.40%,22,1.60%,"1,371"
scqf5,Practical Woodworking,2020,"2,459",40.90%,"4,309",71.80%,"5,658",94.20%,"5,892",98.10%,113,1.90%,"6,005"
scqf5,Psychology,2020,370,41.60%,603,67.80%,790,88.80%,847,95.20%,43,4.80%,890
scqf5,"Religious, Moral and Philosophical Studies",2020,977,42.00%,"1,529",65.70%,"2,098",90.20%,"2,264",97.30%,62,2.70%,"2,326"
scqf5,Sociology,2020,96,33.60%,170,59.40%,251,87.80%,269,94.10%,17,5.90%,286
scqf5,Spanish,2020,"3,276",56.40%,"4,538",78.10%,"5,517",94.90%,"5,752",99.00%,61,1.00%,"5,813"
scqf5,Urdu,2020,78,89.70%,85,97.70%,87,100.00%,87,100.00%,0,0.00%,87
scqf5,Totals,2020,"127,299",42.30%,"201,362",67.00%,"267,558",89.00%,"288,941",96.10%,"11,698",3.90%,"300,639"
scqf5,Accounting,2019,434,48.3%,615,68.5%,749,83.4%,813,90.5%,85,9.5%,898
scqf5,Administration and IT,2019,"1,451",29.7%,"2,758",56.5%,"3,845",78.7%,"4,488",91.9%,397,8.1%,"4,885"
scqf5,Applications of Mathematics,2019,"1,062",23.8%,"1,779",39.9%,"2,607",58.5%,"3,435",77.1%,"1,023",22.9%,"4,458"
scqf5,Art and Design,2019,"3,252",34.9%,"5,945",63.8%,"8,127",87.2%,"9,056",97.1%,266,2.9%,"9,322"
scqf5,Biology,2019,"6,355",29.5%,"10,812",50.2%,"15,199",70.5%,"19,125",88.8%,"2,424",11.2%,"21,549"
scqf5,Business Management,2019,"2,660",35.1%,"4,373",57.7%,"5,941",78.4%,"6,946",91.7%,630,8.3%,"7,576"
scqf5,Care,2019,163,33.9%,280,58.2%,384,79.8%,441,91.7%,40,8.3%,481
scqf5,Chemistry,2019,"5,544",34.6%,"9,005",56.2%,"12,326",76.9%,"14,879",92.8%,"1,156",7.2%,"16,035"
scqf5,Chinese Languages,2019,143,75.3%,158,83.2%,183,96.3%,187,98.4%,3,1.6%,190
scqf5,Classical Studies,2019,55,50.9%,71,65.7%,86,79.6%,99,91.7%,9,8.3%,108
scqf5,Computing Science,2019,"2,000",31.5%,"3,421",53.9%,"4,740",74.7%,"5,644",89.0%,700,11.0%,"6,344"
scqf5,Dance,2019,284,41.0%,463,66.8%,605,87.3%,665,96.0%,28,4.0%,693
scqf5,Design and Manufacture,2019,809,18.1%,"1,941",43.3%,"3,156",70.4%,"3,992",89.1%,489,10.9%,"4,481"
scqf5,Drama,2019,"2,861",58.8%,"3,904",80.2%,"4,551",93.5%,"4,782",98.3%,84,1.7%,"4,866"
scqf5,Economics,2019,174,64.9%,217,81.0%,243,90.7%,261,97.4%,7,2.6%,268
scqf5,Engineering Science,2019,790,48.0%,"1,157",70.3%,"1,379",83.8%,"1,524",92.6%,122,7.4%,"1,646"
scqf5,English,2019,"16,085",35.3%,"29,886",65.5%,"39,345",86.3%,"43,807",96.1%,"1,786",3.9%,"45,593"
scqf5,English for Speakers of Other Languages,2019,266,25.4%,540,51.5%,817,78.0%,981,93.6%,67,6.4%,"1,048"
scqf5,Environmental Science,2019,25,12.1%,62,30.0%,100,48.3%,157,75.8%,50,24.2%,207
scqf5,Fashion and Textile Technology,2019,47,12.3%,131,34.3%,225,58.9%,311,81.4%,71,18.6%,382
scqf5,French,2019,"4,272",54.3%,"5,578",70.9%,"6,680",84.9%,"7,383",93.8%,489,6.2%,"7,872"
scqf5,Gaelic (Learners),2019,56,41.5%,77,57.0%,99,73.3%,121,89.6%,14,10.4%,135
scqf5,Gàidhlig,2019,99,50.8%,157,80.5%,179,91.8%,193,99.0%,2,1.0%,195
scqf5,Geography,2019,"2,836",29.0%,"5,103",52.1%,"7,029",71.8%,"8,552",87.3%,"1,241",12.7%,"9,793"
scqf5,German,2019,981,54.3%,"1,303",72.2%,"1,556",86.2%,"1,729",95.8%,76,4.2%,"1,805"
scqf5,Graphic Communication,2019,"1,176",21.8%,"2,532",46.8%,"3,905",72.2%,"4,815",89.1%,591,10.9%,"5,406"
scqf5,Health and Food Technology,2019,309,21.1%,690,47.2%,"1,086",74.3%,"1,321",90.4%,140,9.6%,"1,461"
scqf5,History,2019,"5,557",37.7%,"9,042",61.4%,"11,679",79.3%,"13,502",91.6%,"1,233",8.4%,"14,735"
scqf5,Hospitality: Practical Cake Craft,2019,176,13.8%,459,36.0%,769,60.3%,"1,086",85.1%,190,14.9%,"1,276"
scqf5,Hospitality: Practical Cookery,2019,981,19.9%,"2,707",54.8%,"4,119",83.4%,"4,713",95.4%,226,4.6%,"4,939"
scqf5,Italian,2019,123,56.7%,166,76.5%,193,88.9%,211,97.2%,6,2.8%,217
scqf5,Latin,2019,318,84.6%,354,94.1%,362,96.3%,373,99.2%,3,0.8%,376
scqf5,Mathematics,2019,"12,847",30.9%,"20,376",49.0%,"27,241",65.5%,"33,331",80.1%,"8,255",19.9%,"41,586"
scqf5,Media,2019,291,29.9%,475,48.9%,641,65.9%,810,83.3%,162,16.7%,972
scqf5,Modern Studies,2019,"3,588",30.0%,"6,295",52.6%,"8,785",73.4%,"10,508",87.8%,"1,459",12.2%,"11,967"
scqf5,Music,2019,"4,382",60.8%,"5,990",83.2%,"6,767",94.0%,"7,063",98.1%,139,1.9%,"7,202"
scqf5,Music Technology,2019,353,31.8%,718,64.7%,943,85.0%,"1,060",95.5%,50,4.5%,"1,110"
scqf5,Philosophy,2019,73,26.8%,122,44.9%,164,60.3%,213,78.3%,59,21.7%,272
scqf5,Physical Education,2019,"7,700",45.9%,"12,908",77.0%,"15,750",93.9%,"16,594",98.9%,177,1.1%,"16,771"
scqf5,Physics,2019,"4,384",31.8%,"7,488",54.3%,"10,289",74.6%,"12,311",89.3%,"1,481",10.7%,"13,792"
scqf5,Practical Electronics,2019,82,39.2%,135,64.6%,181,86.6%,200,95.7%,9,4.3%,209
scqf5,Practical Metalworking,2019,465,36.7%,818,64.6%,"1,047",82.6%,"1,163",91.8%,104,8.2%,"1,267"
scqf5,Practical Woodworking,2019,"1,840",34.7%,"3,448",65.1%,"4,554",86.0%,"5,018",94.7%,280,5.3%,"5,298"
scqf5,Psychology,2019,243,24.5%,402,40.5%,575,58.0%,736,74.2%,256,25.8%,992
scqf5,"Religious, Moral and Philosophical Studies",2019,829,34.3%,"1,244",51.4%,"1,655",68.4%,"1,980",81.9%,439,18.1%,"2,419"
scqf5,Sociology,2019,75,29.0%,124,47.9%,179,69.1%,208,80.3%,51,19.7%,259
scqf5,Spanish,2019,"2,713",53.0%,"3,759",73.4%,"4,486",87.6%,"4,904",95.7%,218,4.3%,"5,122"
scqf5,Urdu,2019,64,86.5%,72,97.3%,73,98.6%,74,100.0%,0,0.0%,74
scqf5,Totals,2019,"101,273",35.1%,"170,060",58.9%,"225,594",78.2%,"261,765",90.7%,"26,787",9.3%,"288,552"
scqf5,Accounting,2018,436,48.7%,580,64.7%,711,79.4%,810,90.4%,86,9.6%,896
scqf5,Administration and IT,2018,"1,449",30.4%,"2,795",58.6%,"3,816",80.1%,"4,404",92.4%,363,7.6%,"4,767"
scqf5,Applications of Mathematics,2018,460,18.5%,945,38.1%,"1,434",57.8%,"1,921",77.4%,561,22.6%,"2,482"
scqf5,Art and Design,2018,"3,894",42.3%,"6,424",69.8%,"8,144",88.5%,"8,940",97.2%,258,2.8%,"9,198"
scqf5,Biology,2018,"6,504",31.1%,"11,041",52.8%,"15,253",72.9%,"18,730",89.5%,"2,198",10.5%,"20,928"
scqf5,Business Management,2018,"2,866",38.7%,"4,440",59.9%,"5,876",79.3%,"6,745",91.0%,666,9.0%,"7,411"
scqf5,Care,2018,212,32.9%,365,56.6%,503,78.0%,592,91.8%,53,8.2%,645
scqf5,Chemistry,2018,"5,787",36.3%,"9,255",58.1%,"12,296",77.2%,"14,529",91.2%,"1,401",8.8%,"15,930"
scqf5,Chinese Languages,2018,120,64.5%,151,81.2%,165,88.7%,174,93.5%,12,6.5%,186
scqf5,Classical Studies,2018,35,44.9%,49,62.8%,65,83.3%,71,91.0%,7,9.0%,78
scqf5,Computing Science,2018,"1,884",29.2%,"3,443",53.4%,"4,814",74.7%,"5,733",89.0%,709,11.0%,"6,442"
scqf5,Dance,2018,284,50.9%,418,74.9%,514,92.1%,551,98.7%,7,1.3%,558
scqf5,Design and Manufacture,2018,565,12.3%,"1,407",30.6%,"2,603",56.6%,"3,716",80.8%,883,19.2%,"4,599"
scqf5,Drama,2018,"2,511",55.7%,"3,532",78.4%,"4,167",92.5%,"4,417",98.0%,90,2.0%,"4,507"
scqf5,Economics,2018,200,72.2%,244,88.1%,262,94.6%,273,98.6%,4,1.4%,277
scqf5,Engineering Science,2018,733,40.5%,"1,118",61.8%,"1,407",77.8%,"1,595",88.2%,213,11.8%,"1,808"
scqf5,English,2018,"15,916",35.8%,"27,925",62.8%,"37,701",84.8%,"42,176",94.8%,"2,301",5.2%,"44,477"
scqf5,English for Speakers of Other Languages,2018,321,31.0%,586,56.6%,832,80.4%,965,93.2%,70,6.8%,"1,035"
scqf5,Environmental Science,2018,23,8.5%,79,29.0%,141,51.8%,208,76.5%,64,23.5%,272
scqf5,Fashion and Textile Technology,2018,58,13.1%,154,34.7%,285,64.2%,378,85.1%,66,14.9%,444
scqf5,French,2018,"4,632",56.9%,"6,023",73.9%,"7,115",87.4%,"7,748",95.1%,397,4.9%,"8,145"
scqf5,Gaelic (Learners),2018,53,49.5%,79,73.8%,91,85.0%,104,97.2%,3,2.8%,107
scqf5,Gàidhlig,2018,115,62.8%,147,80.3%,170,92.9%,180,98.4%,3,1.6%,183
scqf5,Geography,2018,"2,883",29.4%,"4,884",49.9%,"6,934",70.8%,"8,450",86.3%,"1,345",13.7%,"9,795"
scqf5,German,2018,978,52.6%,"1,361",73.2%,"1,622",87.3%,"1,791",96.3%,68,3.7%,"1,859"
scqf5,Graphic Communication,2018,"1,115",20.5%,"2,542",46.8%,"3,935",72.4%,"4,855",89.3%,579,10.7%,"5,434"
scqf5,Health and Food Technology,2018,230,15.6%,601,40.8%,976,66.2%,"1,242",84.3%,232,15.7%,"1,474"
scqf5,History,2018,"4,561",31.5%,"8,160",56.4%,"11,260",77.8%,"13,079",90.4%,"1,394",9.6%,"14,473"
scqf5,Hospitality: Practical Cake Craft,2018,174,12.5%,520,37.3%,864,62.0%,"1,150",82.5%,244,17.5%,"1,394"
scqf5,Hospitality: Practical Cookery,2018,331,6.6%,"1,659",32.9%,"3,300",65.5%,"4,377",86.9%,658,13.1%,"5,035"
scqf5,Italian,2018,142,49.7%,198,69.2%,248,86.7%,273,95.5%,13,4.5%,286
scqf5,Latin,2018,362,92.8%,381,97.7%,386,99.0%,389,99.7%,1,0.3%,390
scqf5,Mathematics,2018,"13,069",31.4%,"20,455",49.2%,"26,894",64.7%,"32,629",78.5%,"8,961",21.5%,"41,590"
scqf5,Media,2018,247,24.5%,454,45.1%,680,67.5%,850,84.4%,157,15.6%,"1,007"
scqf5,Modern Studies,2018,"3,497",29.5%,"6,006",50.6%,"8,322",70.1%,"10,157",85.6%,"1,710",14.4%,"11,867"
scqf5,Music,2018,"4,139",58.3%,"5,886",82.9%,"6,735",94.9%,"7,002",98.6%,97,1.4%,"7,099"
scqf5,Music Technology,2018,388,43.9%,601,68.1%,752,85.2%,842,95.4%,41,4.6%,883
scqf5,Philosophy,2018,97,35.9%,141,52.2%,185,68.5%,221,81.9%,49,18.1%,270
scqf5,Physical Education,2018,"7,022",45.6%,"11,820",76.8%,"14,528",94.4%,"15,267",99.2%,130,0.8%,"15,397"
scqf5,Physics,2018,"4,274",31.2%,"7,468",54.5%,"10,274",75.0%,"12,269",89.6%,"1,430",10.4%,"13,699"
scqf5,Practical Electronics,2018,60,33.5%,98,54.7%,126,70.4%,147,82.1%,32,17.9%,179
scqf5,Practical Metalworking,2018,489,38.8%,815,64.7%,"1,023",81.3%,"1,144",90.9%,115,9.1%,"1,259"
scqf5,Practical Woodworking,2018,"1,855",39.1%,"3,138",66.1%,"4,057",85.4%,"4,453",93.8%,295,6.2%,"4,748"
scqf5,Psychology,2018,244,31.5%,371,47.9%,501,64.6%,608,78.5%,167,21.5%,775
scqf5,"Religious, Moral and Philosophical Studies",2018,786,34.0%,"1,233",53.4%,"1,612",69.8%,"1,955",84.7%,354,15.3%,"2,309"
scqf5,Sociology,2018,55,26.7%,98,47.6%,136,66.0%,164,79.6%,42,20.4%,206
scqf5,Spanish,2018,"2,868",58.1%,"3,807",77.1%,"4,442",90.0%,"4,808",97.4%,129,2.6%,"4,937"
scqf5,Urdu,2018,35,77.8%,39,86.7%,44,97.8%,45,100.0%,0,0.0%,45
scqf5,Totals,2018,"98,959",35.1%,"163,936",58.2%,"218,201",77.4%,"253,127",89.8%,"28,658",10.2%,"281,785"
scqf6,Accounting,2019,507,41.5%,743,60.8%,961,78.6%,"1,087",89.0%,135,11.0%,"1,222"
scqf6,Administration and IT,2019,"1,081",28.7%,"2,101",55.7%,"2,955",78.4%,"3,479",92.3%,291,7.7%,"3,770"
scqf6,Art and Design,2019,"1,248",23.8%,"2,699",51.6%,"4,212",80.5%,"5,026",96.0%,207,4.0%,"5,233"
scqf6,Biology,2019,"2,124",27.6%,"3,845",50.0%,"5,588",72.7%,"6,921",90.1%,764,9.9%,"7,685"
scqf6,Business Management,2019,"2,609",31.4%,"4,597",55.2%,"6,313",75.9%,"7,437",89.4%,885,10.6%,"8,322"
scqf6,Care,2019,86,10.3%,248,29.6%,465,55.5%,655,78.2%,183,21.8%,838
scqf6,Chemistry,2019,"2,985",29.7%,"5,376",53.5%,"7,590",75.5%,"9,240",92.0%,807,8.0%,"10,047"
scqf6,Childcare and Development,2019,56,14.2%,132,33.6%,256,65.1%,348,88.5%,45,11.5%,393
scqf6,Chinese Languages,2019,143,82.7%,158,91.3%,167,96.5%,171,98.8%,2,1.2%,173
scqf6,Classical Studies,2019,126,32.1%,212,54.1%,299,76.3%,343,87.5%,49,12.5%,392
scqf6,Computing Science,2019,748,23.2%,"1,420",44.0%,"2,064",63.9%,"2,623",81.3%,605,18.7%,"3,228"
scqf6,Dance,2019,158,31.7%,285,57.2%,413,82.9%,478,96.0%,20,4.0%,498
scqf6,Design and Manufacture,2019,265,11.8%,656,29.2%,"1,219",54.2%,"1,762",78.4%,486,21.6%,"2,248"
scqf6,Drama,2019,790,27.4%,"1,554",53.9%,"2,287",79.3%,"2,713",94.1%,171,5.9%,"2,884"
scqf6,Economics,2019,235,40.3%,369,63.3%,467,80.1%,540,92.6%,43,7.4%,583
scqf6,Engineering Science,2019,296,26.7%,506,45.6%,725,65.3%,929,83.7%,181,16.3%,"1,110"
scqf6,English,2019,"8,151",23.0%,"17,030",48.0%,"25,967",73.2%,"32,523",91.7%,"2,938",8.3%,"35,461"
scqf6,English for Speakers of Other Languages,2019,252,32.1%,479,61.1%,663,84.6%,745,95.0%,39,5.0%,784
scqf6,Environmental Science,2019,76,19.4%,154,39.3%,268,68.4%,337,86.0%,55,14.0%,392
scqf6,Fashion and Textile Technology,2019,19,8.8%,94,43.7%,160,74.4%,196,91.2%,19,8.8%,215
scqf6,French,2019,"1,671",48.9%,"2,415",70.7%,"2,981",87.2%,"3,273",95.8%,144,4.2%,"3,417"
scqf6,Gaelic (Learners),2019,32,52.5%,47,77.0%,55,90.2%,61,100.0%,0,0.0%,61
scqf6,Gàidhlig,2019,59,43.7%,96,71.1%,123,91.1%,133,98.5%,2,1.5%,135
scqf6,Geography,2019,"1,884",27.4%,"3,535",51.5%,"5,195",75.7%,"6,244",90.9%,623,9.1%,"6,867"
scqf6,German,2019,419,53.2%,579,73.6%,707,89.8%,768,97.6%,19,2.4%,787
scqf6,Graphic Communication,2019,630,18.0%,"1,599",45.7%,"2,609",74.6%,"3,188",91.2%,309,8.8%,"3,497"
scqf6,Health and Food Technology,2019,127,10.7%,386,32.4%,716,60.1%,984,82.6%,207,17.4%,"1,191"
scqf6,History,2019,"2,833",28.4%,"5,269",52.8%,"7,267",72.8%,"8,617",86.3%,"1,370",13.7%,"9,987"
scqf6,Human Biology,2019,"1,545",24.7%,"2,857",45.6%,"4,345",69.4%,"5,556",88.8%,703,11.2%,"6,259"
scqf6,Italian,2019,147,66.5%,182,82.4%,197,89.1%,213,96.4%,8,3.6%,221
scqf6,Latin,2019,166,65.6%,206,81.4%,233,92.1%,245,96.8%,8,3.2%,253
scqf6,Mathematics,2019,"6,127",32.9%,"10,125",54.4%,"13,481",72.4%,"16,061",86.2%,"2,565",13.8%,"18,626"
scqf6,Media,2019,192,19.2%,430,43.0%,686,68.7%,878,87.9%,121,12.1%,999
scqf6,Modern Studies,2019,"2,946",34.0%,"4,882",56.4%,"6,577",76.0%,"7,692",88.9%,961,11.1%,"8,653"
scqf6,Music,2019,"2,301",45.4%,"3,822",75.4%,"4,663",92.0%,"4,964",98.0%,103,2.0%,"5,067"
scqf6,Music Technology,2019,172,22.3%,401,51.9%,604,78.2%,727,94.2%,45,5.8%,772
scqf6,Philosophy,2019,179,27.3%,306,46.6%,419,63.9%,530,80.8%,126,19.2%,656
scqf6,Photography,2019,524,21.2%,"1,237",50.0%,"1,935",78.2%,"2,259",91.3%,214,8.7%,"2,473"
scqf6,Physical Education,2019,"2,717",27.5%,"5,951",60.1%,"8,699",87.9%,"9,664",97.7%,232,2.3%,"9,896"
scqf6,Physics,2019,"2,390",28.7%,"4,378",52.6%,"6,239",74.9%,"7,565",90.9%,760,9.1%,"8,325"
scqf6,Politics,2019,417,34.4%,779,64.2%,"1,016",83.8%,"1,132",93.3%,81,6.7%,"1,213"
scqf6,Psychology,2019,392,11.5%,875,25.7%,"1,520",44.6%,"2,204",64.6%,"1,206",35.4%,"3,410"
scqf6,"Religious, Moral and Philosophical Studies",2019,"1,037",28.8%,"1,811",50.3%,"2,485",69.1%,"2,993",83.2%,605,16.8%,"3,598"
scqf6,Sociology,2019,188,20.3%,362,39.1%,548,59.1%,697,75.2%,230,24.8%,927
scqf6,Spanish,2019,"1,439",47.1%,"2,029",66.4%,"2,543",83.3%,"2,864",93.8%,190,6.2%,"3,054"
scqf6,Urdu,2019,75,81.5%,86,93.5%,90,97.8%,91,98.9%,1,1.1%,92
scqf6,Totals,2019,"52,564",28.3%,"97,303",52.3%,"138,972",74.8%,"167,156",89.9%,"18,758",10.1%,"185,914"
scqf6,Accounting,2018,442,35.2%,728,58.1%,968,77.2%,"1,049",83.7%,205,16.3%,"1,254"
scqf6,Administration and IT,2018,"1,215",30.0%,"2,368",58.4%,"3,161",78.0%,"3,500",86.4%,552,13.6%,"4,052"
scqf6,Art and Design,2018,"1,487",28.1%,"3,007",56.7%,"4,446",83.9%,"4,907",92.6%,392,7.4%,"5,299"
scqf6,Biology,2018,"1,842",25.2%,"3,592",49.2%,"5,364",73.4%,"6,059",82.9%,"1,246",17.1%,"7,305"
scqf6,Business Management,2018,"2,753",31.4%,"5,106",58.3%,"6,858",78.3%,"7,499",85.6%,"1,257",14.4%,"8,756"
scqf6,Care,2018,143,11.1%,361,28.1%,705,54.9%,866,67.4%,419,32.6%,"1,285"
scqf6,Chemistry,2018,"2,830",28.3%,"5,355",53.6%,"7,655",76.6%,"8,600",86.1%,"1,390",13.9%,"9,990"
scqf6,Childcare and Development,2018,109,14.2%,309,40.3%,528,68.8%,592,77.2%,175,22.8%,767
scqf6,Chinese Languages,2018,93,61.2%,113,74.3%,125,82.2%,130,85.5%,22,14.5%,152
scqf6,Classical Studies,2018,149,37.3%,239,59.8%,324,81.0%,359,89.8%,41,10.3%,400
scqf6,Computing Science,2018,840,20.5%,"1,799",43.9%,"2,816",68.7%,"3,327",81.2%,772,18.8%,"4,099"
scqf6,Dance,2018,246,53.4%,372,80.7%,423,91.8%,428,92.8%,33,7.2%,461
scqf6,Design and Manufacture,2018,403,14.3%,962,34.1%,"1,723",61.1%,"2,072",73.5%,748,26.5%,"2,820"
scqf6,Drama,2018,936,31.8%,"1,741",59.1%,"2,432",82.6%,"2,655",90.1%,291,9.9%,"2,946"
scqf6,Economics,2018,307,46.8%,464,70.7%,557,84.9%,592,90.2%,64,9.8%,656
scqf6,Engineering Science,2018,227,22.4%,485,47.8%,704,69.4%,816,80.5%,198,19.5%,"1,014"
scqf6,English,2018,"8,462",23.4%,"18,004",49.8%,"27,482",75.9%,"31,347",86.6%,"4,838",13.4%,"36,185"
scqf6,English for Speakers of Other Languages,2018,291,39.8%,521,71.2%,657,89.8%,685,93.6%,47,6.4%,732
scqf6,Environmental Science,2018,81,19.1%,184,43.5%,274,64.8%,317,74.9%,106,25.1%,423
scqf6,Fashion and Textile Technology,2018,90,24.3%,209,56.5%,302,81.6%,331,89.5%,39,10.5%,370
scqf6,French,2018,"1,631",43.1%,"2,552",67.5%,"3,301",87.3%,"3,535",93.5%,245,6.5%,"3,780"
scqf6,Gaelic (Learners),2018,31,41.3%,48,64.0%,62,82.7%,65,86.7%,10,13.3%,75
scqf6,Gàidhlig,2018,61,46.9%,99,76.2%,118,90.8%,123,94.6%,7,5.4%,130
scqf6,Geography,2018,"1,989",27.1%,"3,658",49.9%,"5,383",73.4%,"6,017",82.1%,"1,312",17.9%,"7,329"
scqf6,German,2018,401,49.1%,592,72.5%,725,88.7%,773,94.6%,44,5.4%,817
scqf6,Graphic Communication,2018,826,20.0%,"1,970",47.7%,"3,126",75.6%,"3,521",85.2%,613,14.8%,"4,134"
scqf6,Health and Food Technology,2018,163,11.9%,466,33.9%,866,63.0%,"1,040",75.6%,335,24.4%,"1,375"
scqf6,History,2018,"3,177",30.9%,"6,235",60.6%,"8,506",82.6%,"9,223",89.6%,"1,073",10.4%,"10,296"
scqf6,Human Biology,2018,"1,387",23.4%,"2,788",47.0%,"4,145",69.8%,"4,807",81.0%,"1,130",19.0%,"5,937"
scqf6,Italian,2018,162,64.3%,206,81.7%,231,91.7%,242,96.0%,10,4.0%,252
scqf6,Latin,2018,172,76.1%,198,87.6%,214,94.7%,219,96.9%,7,3.1%,226
scqf6,Mathematics,2018,"6,282",33.5%,"10,344",55.2%,"13,973",74.5%,"15,415",82.2%,"3,338",17.8%,"18,753"
scqf6,Media,2018,176,16.6%,437,41.2%,696,65.6%,830,78.2%,231,21.8%,"1,061"
scqf6,Modern Studies,2018,"2,971",31.8%,"5,118",54.8%,"7,083",75.9%,"7,782",83.4%,"1,552",16.6%,"9,334"
scqf6,Music,2018,"2,756",54.5%,"4,092",80.9%,"4,789",94.6%,"4,925",97.3%,136,2.7%,"5,061"
scqf6,Music Technology,2018,265,39.6%,419,62.6%,564,84.3%,608,90.9%,61,9.1%,669
scqf6,Philosophy,2018,171,23.0%,326,43.9%,461,62.1%,548,73.9%,194,26.1%,742
scqf6,Photography,2018,657,28.4%,"1,325",57.3%,"2,002",86.6%,"2,149",92.9%,163,7.1%,"2,312"
scqf6,Physical Education,2018,"2,536",25.1%,"5,926",58.7%,"8,767",86.9%,"9,487",94.0%,603,6.0%,"10,090"
scqf6,Physics,2018,"2,320",28.0%,"4,352",52.6%,"6,271",75.7%,"6,988",84.4%,"1,292",15.6%,"8,280"
scqf6,Politics,2018,364,30.0%,629,51.8%,872,71.8%,976,80.4%,238,19.6%,"1,214"
scqf6,Psychology,2018,470,13.4%,"1,174",33.6%,"2,012",57.6%,"2,479",70.9%,"1,016",29.1%,"3,495"
scqf6,"Religious, Moral and Philosophical Studies",2018,"1,146",31.3%,"1,955",53.4%,"2,662",72.8%,"2,951",80.7%,707,19.3%,"3,658"
scqf6,Sociology,2018,176,16.5%,394,36.9%,649,60.8%,790,74.0%,277,26.0%,"1,067"
scqf6,Spanish,2018,"1,257",45.0%,"1,878",67.2%,"2,338",83.6%,"2,519",90.1%,276,9.9%,"2,795"
scqf6,Urdu,2018,83,80.6%,93,90.3%,99,96.1%,101,98.1%,2,1.9%,103
scqf6,Totals,2018,"54,576",28.4%,"103,193",53.8%,"147,419",76.8%,"164,244",85.6%,"27,707",14.4%,"191,951"
scqf7,Accounting,2019,25,39.1%,40,62.5%,56,87.5%,62,96.9%,2,3.1%,64
scqf7,Art and Design (Design),2019,186,36.7%,327,64.5%,464,91.5%,488,96.3%,19,3.7%,507
scqf7,Art and Design (Expressive),2019,280,29.9%,570,60.8%,850,90.7%,910,97.1%,27,2.9%,937
scqf7,Biology,2019,569,24.6%,"1,140",49.3%,"1,715",74.1%,"2,000",86.4%,314,13.6%,"2,314"
scqf7,Business Management,2019,115,25.4%,229,50.6%,346,76.4%,387,85.4%,66,14.6%,453
scqf7,Chemistry,2019,828,33.8%,"1,472",60.0%,"2,016",82.2%,"2,196",89.6%,256,10.4%,"2,452"
scqf7,Chinese Languages,2019,51,83.6%,57,93.4%,61,100.0%,61,100.0%,0,0.0%,61
scqf7,Classical Studies,2019,14,36.8%,31,81.6%,38,100.0%,38,100.0%,0,0.0%,38
scqf7,Computing Science,2019,148,24.1%,275,44.8%,402,65.5%,463,75.4%,151,24.6%,614
scqf7,Design and Manufacture,2019,6,7.6%,26,32.9%,51,64.6%,62,78.5%,17,21.5%,79
scqf7,Drama,2019,125,22.1%,296,52.3%,461,81.4%,511,90.3%,55,9.7%,566
scqf7,Economics,2019,58,54.2%,81,75.7%,100,93.5%,103,96.3%,4,3.7%,107
scqf7,Engineering Science,2019,9,25.0%,16,44.4%,30,83.3%,34,94.4%,2,5.6%,36
scqf7,English,2019,485,20.7%,"1,114",47.5%,"1,841",78.4%,"2,119",90.3%,228,9.7%,"2,347"
scqf7,French,2019,238,39.5%,348,57.7%,467,77.4%,502,83.3%,101,16.7%,603
scqf7,Gaelic (Learners),2019,5,25.0%,13,65.0%,17,85.0%,19,95.0%,1,5.0%,20
scqf7,Gàidhlig,2019,13,44.8%,21,72.4%,27,93.1%,29,100.0%,0,0.0%,29
scqf7,Geography,2019,186,26.3%,422,59.6%,605,85.5%,664,93.8%,44,6.2%,708
scqf7,German,2019,77,60.6%,107,84.3%,122,96.1%,123,96.9%,4,3.1%,127
scqf7,Graphic Communication,2019,52,10.3%,178,35.2%,319,63.0%,377,74.5%,129,25.5%,506
scqf7,Health and Food Technology,2019,1,4.5%,5,22.7%,17,77.3%,18,81.8%,4,18.2%,22
scqf7,History,2019,361,28.4%,710,55.8%,"1,013",79.6%,"1,124",88.3%,149,11.7%,"1,273"
scqf7,Italian,2019,17,63.0%,21,77.8%,23,85.2%,25,92.6%,2,7.4%,27
scqf7,Latin,2019,20,33.9%,30,50.8%,44,74.6%,47,79.7%,12,20.3%,59
scqf7,Mathematics,2019,"1,379",37.2%,"2,151",58.0%,"2,795",75.4%,"3,067",82.8%,639,17.2%,"3,706"
scqf7,Mathematics of Mechanics,2019,120,40.8%,163,55.4%,226,76.9%,247,84.0%,47,16.0%,294
scqf7,Modern Studies,2019,231,28.8%,428,53.3%,611,76.1%,665,82.8%,138,17.2%,803
scqf7,Music,2019,919,54.1%,"1,327",78.2%,"1,563",92.0%,"1,625",95.7%,73,4.3%,"1,698"
scqf7,Music: Portfolio,2019,4,44.4%,5,55.6%,6,66.7%,8,88.9%,1,11.1%,9
scqf7,Physical Education,2019,117,23.4%,246,49.3%,382,76.6%,445,89.2%,54,10.8%,499
scqf7,Physics,2019,518,31.5%,959,58.3%,"1,293",78.6%,"1,445",87.8%,201,12.2%,"1,646"
scqf7,"Religious, Moral and Philosophical Studies",2019,57,32.6%,100,57.1%,135,77.1%,148,84.6%,27,15.4%,175
scqf7,Spanish,2019,174,37.1%,266,56.7%,366,78.0%,404,86.1%,65,13.9%,469
scqf7,Statistics,2019,70,33.0%,129,60.8%,165,77.8%,177,83.5%,35,16.5%,212
scqf7,Totals,2019,"7,458",31.8%,"13,303",56.7%,"18,627",79.4%,"20,593",87.8%,"2,867",12.2%,"23,460"
scqf7,Accounting,2018,31,54.4%,46,80.7%,53,93.0%,55,96.5%,2,3.5%,57
scqf7,Art and Design (Design),2018,151,28.0%,302,55.9%,490,90.7%,526,97.4%,14,2.6%,540
scqf7,Art and Design (Expressive),2018,255,27.7%,531,57.7%,832,90.4%,889,96.6%,31,3.4%,920
scqf7,Biology,2018,546,23.5%,"1,129",48.7%,"1,727",74.5%,"2,003",86.4%,316,13.6%,"2,319"
scqf7,Business Management,2018,125,26.4%,261,55.1%,373,78.7%,419,88.4%,55,11.6%,474
scqf7,Chemistry,2018,815,31.5%,"1,529",59.0%,"2,131",82.2%,"2,341",90.4%,250,9.6%,"2,591"
scqf7,Chinese Languages,2018,40,74.1%,43,79.6%,44,81.5%,44,81.5%,10,18.5%,54
scqf7,Classical Studies,2018,18,38.3%,34,72.3%,43,91.5%,46,97.9%,1,2.1%,47
scqf7,Computing Science,2018,141,22.2%,308,48.4%,454,71.4%,524,82.4%,112,17.6%,636
scqf7,Design and Manufacture,2018,7,7.5%,31,33.3%,50,53.8%,67,72.0%,26,28.0%,93
scqf7,Drama,2018,159,31.2%,296,58.2%,428,84.1%,472,92.7%,37,7.3%,509
scqf7,Economics,2018,42,43.8%,66,68.8%,90,93.8%,92,95.8%,4,4.2%,96
scqf7,Engineering Science,2018,8,13.6%,22,37.3%,40,67.8%,47,79.7%,12,20.3%,59
scqf7,English,2018,644,25.9%,"1,350",54.3%,"2,019",81.2%,"2,269",91.3%,216,8.7%,"2,485"
scqf7,French,2018,276,43.3%,443,69.4%,556,87.1%,592,92.8%,46,7.2%,638
scqf7,Gaelic (Learners),2018,5,45.5%,8,72.7%,11,100.0%,11,100.0%,0,0.0%,11
scqf7,Gàidhlig,2018,18,60.0%,22,73.3%,26,86.7%,28,93.3%,2,6.7%,30
scqf7,Geography,2018,218,27.1%,501,62.4%,717,89.3%,761,94.8%,42,5.2%,803
scqf7,German,2018,81,65.3%,98,79.0%,115,92.7%,119,96.0%,5,4.0%,124
scqf7,Graphic Communication,2018,57,10.9%,191,36.4%,348,66.3%,408,77.7%,117,22.3%,525
scqf7,Health and Food Technology,2018,4,9.1%,14,31.8%,34,77.3%,39,88.6%,5,11.4%,44
scqf7,History,2018,461,30.2%,890,58.4%,"1,250",82.0%,"1,362",89.3%,163,10.7%,"1,525"
scqf7,Italian,2018,30,83.3%,34,94.4%,34,94.4%,35,97.2%,1,2.8%,36
scqf7,Latin,2018,18,40.9%,32,72.7%,37,84.1%,40,90.9%,4,9.1%,44
scqf7,Mathematics,2018,"1,380",37.5%,"2,175",59.1%,"2,751",74.7%,"3,006",81.6%,677,18.4%,"3,683"
scqf7,Mathematics of Mechanics,2018,152,50.0%,199,65.5%,243,79.9%,257,84.5%,47,15.5%,304
scqf7,Modern Studies,2018,209,24.9%,448,53.3%,657,78.1%,739,87.9%,102,12.1%,841
scqf7,Music,2018,"1,039",60.7%,"1,414",82.6%,"1,607",93.9%,"1,650",96.4%,62,3.6%,"1,712"
scqf7,Music: Portfolio,2018,6,54.5%,8,72.7%,8,72.7%,10,90.9%,1,9.1%,11
scqf7,Physical Education,2018,92,21.4%,214,49.8%,320,74.4%,372,86.5%,58,13.5%,430
scqf7,Physics,2018,578,30.6%,"1,086",57.4%,"1,505",79.6%,"1,661",87.8%,230,12.2%,"1,891"
scqf7,"Religious, Moral and Philosophical Studies",2018,35,22.3%,70,44.6%,106,67.5%,119,75.8%,38,24.2%,157
scqf7,Spanish,2018,155,34.0%,254,55.7%,342,75.0%,381,83.6%,75,16.4%,456
scqf7,Statistics,2018,69,37.1%,107,57.5%,144,77.4%,158,84.9%,28,15.1%,186
scqf7,Totals,2018,"7,865",32.3%,"14,156",58.2%,"19,585",80.5%,"21,542",88.5%,"2,789",11.5%,"24,331"